"","fk_firm_id","first_name","last_name","age","years_of_experience"
"1",1,"Bill","Casey",40,7
"2",2,"Brian","Forristal",27,6
"3",3,"Ryan","Papac",30,9
"4",4,"Steven","Ruzzini",35,9
"5",5,"Matt","Kenyon",29,10
"6",6,"Fujin","Shimoda",38,10
"7",7,"Jesse","Ventura",41,4
"8",8,"Jane","Doe",31,3
"9",9,"Sofia","Mae",30,5
"10",10,"Tanya","Dovidovskaya",25,6
"11",1,"Bob","Hope",35,6
"12",2,"Raymond","Sexton",49,4
"13",3,"Anthony","Cafardi",51,3
"14",4,"Raynard","Jackson",30,6
"15",5,"Brendan","Twotones",40,4
"16",6,"Robert","Lowski",53,4
"17",7,"Beau","Zorgdrager",50,3
"18",8,"Eric","Meyers",35,2
"19",9,"Jeremy","McDavitt",29,4
"20",10,"Tom","Faulke",40,2
